Nombre,Latitud,Longitud
Centro de Especialidades José Marvá,40.4634507,-3.6967219
Clínica Dental Dra. Ceballos,40.4856407,-3.6899996
Centro de Salud Virgen Begoña,40.4841061,-3.6852867
Centro de Salud de Barajas,40.4716064,-3.5819254
Centro Médico Sanitas Montecarmelo,40.5081229,-3.6939918
Centro de Salud Nuestra Señora de Fátima,40.3793395,-3.7487595
Centro Salud Potes,40.3505462,-3.7099381
Centro de especialidades Emigrantes,40.4685882,-3.6364048
Centro de Salud de Alameda de Osuna,40.4551907,-3.5865399
Centro de Salud de Barajas,40.4716063,-3.5819254
Centro de Salud Adelfas,40.400848,-3.6744662
Centro de Salud Mar Báltico,40.4724003,-3.6423344
Centro Médico Las Tablas,40.5069289,-3.6667094
Centro de Salud Argüelles,40.427828,-3.7172212
Centro de Salud Guzmán el Bueno,40.4312348,-3.7135908
Centro de Salud Las Cortes,40.4164906,-3.6989912
Centro de Salud Bustarviejo,40.4623282,-3.6953969
Centro Médico Estético Andrea Rodríguez,40.4044832,-3.7545186
Centro de Salud Isla de Oza,40.4679316,-3.7267958
Centro de Salud Cáceres,40.3986111,-3.6949476
Gerencia SERMAS,40.4681204,-3.7267737
Clínica Baviera,40.4290209,-3.6889198
CMS Arganzuela,40.4055241,-3.7101753
Centro de Salud Pacífico,40.4079866,-3.6769916
Centro Médico El Pilar,40.4773034,-3.7123581
Dr Emilio Santos - Ginecología,40.4257079,-3.6887819
Clínica Melisa,40.3804038,-3.7777176
Centro Médico Conde Duque,40.4295088,-3.7092051
Centro Salud Palma Norte,40.4265395,-3.7072908
Clínica Colmenero,40.4674792,-3.6759625
Gloria Vañó,40.4258677,-3.7157976
Le Santé,40.4039155,-3.6795134
Centro médico Costa Rica,40.4592666,-3.6689294
Tu podólogo,40.4544729,-3.6962987
Instituto Anatómico Forense,40.4437878,-3.7229335
Centro de Salud Lavapiés,40.407934,-3.703684
Blue Healthcare,40.4594696,-3.6881935
Servicio médico,40.4675872,-3.5697978
Servicio médico,40.4927288,-3.5923718
Servicio médico,40.4941675,-3.5665978
Centro de Salud Puerta del Ángel,40.4108773,-3.7354979
Fisioescénica,40.4103252,-3.7077739
Clínica Callao,40.4209634,-3.704637
Clínica López Ibor,40.4768946,-3.7383663
Inion,40.4629187,-3.7022656
Centro de Osteopatía Jada,40.4240722,-3.708842
Centro de Salud Av. de Aragón,40.438284,-3.6371164
Centro de Salud La Ventilla,40.4714227,-3.6988481
Centro de Salud Párroco Julio Morate,40.3972119,-3.6989382
Ingletes,40.4295818,-3.7073977
AGE Ginecología y Obstetricia,40.43287,-3.6960715
Centro Médico Infanta Mercedes,40.4539943,-3.6989537
Luna,40.4229407,-3.7068543
Podólogo - Clínica Los Cedros,40.4700737,-3.6909792
Royal Model,40.4733028,-3.6879504
Centro Madrid Salud de Tetuán,40.4653709,-3.6935384
Centro de Salud Universidad,40.426509,-3.7061191
Centro de Salud Núñez Morgado,40.4682307,-3.685317
Clínica Universitaria Universidad Europea,40.4045346,-3.7154984
Centro Madrid Salud Fuencarral,40.4786143,-3.709417
Don Psicotécnico,40.3972198,-3.7151898
Clínica de los podólogos,40.464309,-3.6952839
Centro de Salud Alameda,40.4119611,-3.6937885
Centro de Salud Delicias,40.4042944,-3.6951567
Centro de Salud Potosí,40.4570811,-3.6794443
Centro de Salud Príncipe de Vergara,40.4400853,-3.6791289
Clinica del Pie,40.381304,-3.730932
Centro de Salud Castelló,40.4285766,-3.6813351
Centro de Salud Cea Bermúdez,40.4389029,-3.7071603
Centro de Salud Ibiza,40.4185018,-3.6779675
Centro de Salud Londres,40.4318699,-3.6658551
Centro de Salud María Auxiliadora,40.4576786,-3.7139955
Centro de Salud Montesa,40.4306159,-3.6720154
Centro de Salud Abrantes,40.3810938,-3.7274344
Centro de Salud Lagasca,40.4355626,-3.6842767
Instituto de Investigaciones del Sueño,40.4635006,-3.680129
CeaSalud,40.438936,-3.7159761
Centro de Salud Santa Hortensia,40.4452403,-3.6699353
Centro de Salud Martín de Vargas,40.403136,-3.7019971
Clínica de Prada,40.4376578,-3.709887
Fisioreynst,40.4873547,-3.7172229
Clínica Varela Reyes,40.4318688,-3.7230127
Rosales,40.4304458,-3.7213349
ClinEnc,40.429718,-3.7209172
Podólogo,40.4124121,-3.6969161
Fuexpert Clinic,40.4418027,-3.705018
Kinect,40.4392594,-3.7063926
Lola Sopeña,40.426109,-3.7174055
Blue Moon,40.4326037,-3.7076807
Fised,40.4258473,-3.7121092
Podoactiva,40.4331995,-3.6997843
Ana Ramos,40.4282594,-3.7012787
Centro de Salud Ventura Rodríguez,40.4252203,-3.7137655
Arco Iris,40.4137358,-3.7199646
CQS,40.4473201,-3.7034089
Centro Médico Estético Sanchinarro,40.4923922,-3.6526303
Clínica Vaos,40.5042247,-3.6736494
Policlínico HM Las Tablas,40.5003976,-3.6728454
Clínica Iomm,40.4482077,-3.784649
Centro de Salud Andrés Mellado,40.4380418,-3.7142712
Aver,40.422014,-3.6798717
Clínica Eugin Madrid,40.4083859,-3.6889436
Servicio Médico,40.467125,-3.6141037
Servicio Médico,40.4693178,-3.6177653
Psicología y Psicoterapia en Madrid,40.4406838,-3.6963958
Centro de psicología Belagua,40.4650389,-3.7110162
Centro Psicológico AhoraEresFeliz,40.4879578,-3.662149
RG,40.4450316,-3.7844374
Real Visión,40.4296106,-3.7136388
Aesthetic,40.4304893,-3.7052845
Instituto Gabriel Simón,40.420659,-3.7014952
Centro de Especialidades González Bueno,40.4234652,-3.6271467
Clínica Croquer,40.4293682,-3.7035357
Centro Internacional de Oftalmología Avanzada,40.4371184,-3.6930873
Sanitas Salud,40.3971693,-3.7171894
Clínica de Diabetes,40.4602324,-3.6855998
Desconocido,40.420426,-3.6973478
Clínica Chamartin,40.4821662,-3.6717706
Clínica de fisioterapia,40.4659591,-3.7196017
The Beauty Concept,40.4559598,-3.6758832
Tavad,40.4729613,-3.7495597
Psiconueve,40.4440471,-3.6962407
Clínica del Dolor de Madrid,40.4325782,-3.7086334
Ibermutuamur,40.3797156,-3.6268239
Fuensalud,40.4518661,-3.7848343
Urgencias Clínica Santa Elena,40.4458403,-3.7163073
Clínica Oftalmológica Martínez de la Casa Matilla,40.408436,-3.677954
Clínica Chamberí,40.4310385,-3.7013265
Instituto de Urología,40.4376164,-3.6856058
Eternal Beauty Clinic,40.4594132,-3.6769735
Centro de Salud Alcalá de Guadaira,40.3896832,-3.6571531
Policlínico HM Arapiles,40.4334797,-3.7063989
Osteopatía RAquis,40.435736,-3.7050883
Fisiofix,40.4666838,-3.6867851
Policlínica Ipacsa,40.4477892,-3.6665829
Ascires López de Hoyos,40.4485581,-3.6677507
Cellosa Madrid,40.4457618,-3.6710199
Policlínica Meprysa,40.4279779,-3.6724512
Centro médico Nuñez de Balboa,40.4278048,-3.6824523
Servicio médico,40.4106862,-3.7607983
Centro Médico Deyre,40.4320864,-3.7327848
Clínica Ginefiv,40.454781,-3.658831
Sanitas,40.4352379,-3.7180596
Clínica Estética Dorsia,40.4753022,-3.7010971
Clínica Estética Dorsia,40.4332822,-3.6832523
Clínica Alberti,40.3851277,-3.6424885
Podología y fisioterapia,40.409179,-3.6478362
Olympia Quirónsalud,40.4778772,-3.6893825
Clínica Arpa Médica,40.4328451,-3.6802349
"Clínica Arpa Médica, Dr Palomo",40.4496271,-3.6859976
Centro Médico Vaguada,40.4783492,-3.7078802
Clínica del Pie Argüelles,40.4320277,-3.7180067
Policlínica universitaria CEU san Pablo,40.4494586,-3.7091094
Clínica Madrid Vascular,40.424623,-3.6739591
Clínica Madrid Vascular,40.4236913,-3.675282
Clínica IMO Madrid,40.4854956,-3.7187252
Centro Proctológico de Madrid,40.4443554,-3.7136928
Emesa Prevención,40.4655334,-3.6929547
Centro Médico Sanitas Valdebebas,40.4936482,-3.6134119
Clínica Dermatológica Internacional,40.4292126,-3.6879248
Clínica Balboa,40.4461603,-3.6994409
Insparya Hair Company,40.4435047,-3.6841932
Centro de Vacunación Internacional,40.4287642,-3.6719726
Desconocido,40.4620418,-3.6270054
Cruz Roja Ofic. Territorial Hortaleza-Madrid,40.4622031,-3.6291778
Rozalén,40.4215622,-3.6734262
Fisioterapia,40.491004,-3.7222586
Granamedic,40.4289236,-3.7056179
MyLab,40.4307523,-3.6722268
Centro Medico Illescas 72,40.3920615,-3.7570958
Clínica dental,40.4754741,-3.7033795
Desconocido,40.3931953,-3.7579875
Desconocido,40.4050071,-3.7234092
Gesmedi,40.4247295,-3.6981454
Centro Médico D-Médical,40.4290231,-3.6796307
Clínica Estética Dr Momentos,40.393336,-3.7606574
Clínica del Pie,40.3935447,-3.7554067
Desconocido,40.3881352,-3.7558599
Clínica Fisiomédica Mcd,40.3915761,-3.7099504
Clínica Fisiomédica Mcd,40.391394,-3.7101104
Instituto Europeo de Cirugía Reconstructiva,40.4223979,-3.6926919
Doctora Barba Martínez,40.4679278,-3.6863347
Podomedic,40.4574273,-3.7100277
Capilar Innovation,40.4074373,-3.6756193
Virgen de las Nieves,40.3817749,-3.6240663
Clínica de Shiatsu Maestro Onoda,40.4605735,-3.6875622
Desconocido,40.4441592,-3.7139113
Cĺínica Adalmed,40.4049923,-3.6734033
Centro de Rehabilitación Avanzada,40.4047845,-3.6719602
Clínica Río de Fisioterapia Avanzada,40.3925367,-3.7021994
Centro Médico Jaca,40.4477679,-3.610766
Centro de Salud Ensanche de Vallecas,40.3680922,-3.6238764
Centro de Terapias Especializadas Aris,40.3939282,-3.7153486
Clínica Medicina Integrativa,40.448802,-3.6655423
Centro Médico La Maso,40.4829381,-3.7137506
Centro Médico Fermín Caballero,40.4844348,-3.7059497
Centro Médico Montecarmelo,40.5038389,-3.7091769
Clínica del Pie,40.3928247,-3.7083739
Quiron Prevencion,40.399998,-3.7009187
Sepresa clínica de rehabilitación,40.427122,-3.6877165
Centro de Salud Comillas,40.392265,-3.709907
Clínica Dam,40.3929035,-3.7092948
Clínica Élite,40.3898361,-3.6943321
Resonancia Abierta La Vaguada,40.4780588,-3.7078696
Nupofis,40.4382633,-3.7098575
Helia,40.4405139,-3.7084761
Centro de Salud Villaamil,40.4579003,-3.7063526
Clínica Sastre,40.3736903,-3.6057078
Neuromed,40.4387272,-3.7165127
Centro Médico Gran Vía,40.4227569,-3.7102199
Medicina integral personalizada,40.4217949,-3.6862701
Rementeria,40.4309125,-3.6922439
Consultas Externas Fundación Jiménez Díaz,40.4386908,-3.7175642
Centro de Salud Valle-Inclán,40.3761971,-3.7745015
"Leyes, Flores & Co",40.4778947,-3.6893791
Piojitos No,40.4394458,-3.7113586
Asepeyo,40.4681331,-3.6864093
CMED360,40.4086572,-3.5546844
Clínica Sastre,40.4042358,-3.5590612
Desconocido,40.5009598,-3.6629841
Emooti,40.4377124,-3.6930512
Avanfi,40.4365641,-3.7149207
Instituto Bernabeu Madrid,40.4276149,-3.6830502
Clínica Alpha,40.4368299,-3.7152842
Susanna Fernández,40.4511058,-3.6974833
Nutricionista Carolina Alves,40.3767408,-3.7686586
Quironsalud,40.4920425,-3.6111326
Indane,40.4395255,-3.7079756
Clínica Barragán,40.4569497,-3.6487058
